ticker,sucesso,erro,preco_atual,valor_combinado,desconto_percentual,divergencia_percentual_metodos,metodos_utilizados,graham_valor_justo,bazin_preco_teto,bazin_razao_dividendos_percentual,fcd_valor_justo,proporcao_reinvestimento_percentual,ano_referencia_fcd,data_balanco_fundamentus,beta_utilizado,aviso_desconto_extremo
MGLU3,True,,7.630000114440918,115.39647842921926,1412.404674946389,2868.378123611434,"graham,fcd",5.967851372143914,,,224.8251054862946,6.366767936609176,2025.0,2026-06-30,2.0119224022832722,"Potencial extremo — provavelmente vem da taxa de crescimento estimada pelo FCD, que usa só dois anos de dados e pode exagerar o resultado. Não é necessariamente uma oportunidade real."
CSAN3,True,,3.9800000190734863,29.960080958162717,652.7658496126639,,fcd,,,,29.960080958162717,0.5839660809605809,2025.0,2026-06-30,1.767069676625184,"Potencial extremo — provavelmente vem da taxa de crescimento estimada pelo FCD, que usa só dois anos de dados e pode exagerar o resultado. Não é necessariamente uma oportunidade real."
BEEF3,True,,3.9200000762939453,21.235570966728698,441.7237386078134,877.1268551423598,"graham,fcd",4.043884271341108,,,38.42725766211629,25.57470060621938,2025.0,2026-06-30,0.7972128826511551,"Potencial extremo — provavelmente vem da taxa de crescimento estimada pelo FCD, que usa só dois anos de dados e pode exagerar o resultado. Não é necessariamente uma oportunidade real."
POMO4,True,,4.179999828338623,13.276173277498138,217.6118139405491,174.9473406597602,"graham,bazin,fcd",8.557102313283393,15.401516666666668,336.96065168481965,15.869900852544355,22.323868039603408,2025.0,2026-06-30,0.9667978122559479,"Potencial extremo — provavelmente vem da taxa de crescimento estimada pelo FCD, que usa só dois anos de dados e pode exagerar o resultado. Não é necessariamente uma oportunidade real."
COGN3,True,,2.3399999141693115,6.3877017186665395,172.97871593872011,63.65763807124777,"graham,fcd",7.132496056781244,,,5.6429073805518355,58.57900026135331,2025.0,2026-06-30,1.5566229452227351,
AZZA3,True,,18.610000610351562,43.951916492577006,136.17364347709554,88.17169009719021,"graham,bazin,fcd",37.088482039576654,41.27003333333333,134.89664850577103,53.49723410482104,49.71148219915403,2025.0,2026-06-30,1.2929704100157746,
SUZB3,True,,43.2599983215332,90.78951222769135,109.8694307681,70.27478606411228,"graham,fcd",75.58907659179334,,,105.98994786358936,54.16831316357407,2025.0,2026-06-30,0.4548475655875015,
CEAB3,True,,9.890000343322754,20.149394246892513,103.73502070195985,47.11822514373481,"graham,fcd",22.479390561133993,,,17.819397932651032,41.135797501998354,2025.0,2026-06-30,1.7706907379715247,
ASAI3,True,,11.15999984741211,22.555808803119795,102.11298487024854,249.1042318137298,"graham,fcd",8.655792857965121,,,36.45582474827447,16.356877323420075,2025.0,2026-06-30,1.6629129515988783,
ISAE4,True,,27.670000076293945,53.31969382882839,92.69856769718487,,graham,53.31969382882839,,,,,,2026-06-30,,
CYRE3,True,,27.1299991607666,47.718259845073995,75.88743575812789,16.36252547291229,"graham,bazin",49.93783635681466,45.49868333333333,323.18269584787004,,,,2026-06-30,,
LREN3,True,,11.460000038146973,20.046416088809206,74.92509617871359,95.4423417320402,"graham,bazin,fcd",18.51998920086078,15.340783333333334,151.84309028791637,26.278475732233506,28.550402450858453,2025.0,2026-06-30,1.4240369943702051,
CMIG4,True,,11.180000305175781,19.10572636479201,70.89200217594818,2.084550297159814,"graham,bazin",19.222252729584014,18.989200000000004,85.73047412589834,,,,2026-06-30,,
YDUQ3,True,,11.039999961853027,18.382924274208577,66.51199581275237,237.95352828054922,"graham,bazin,fcd",9.90727005789183,9.485716666666667,207.01378532717416,35.75578609806723,46.50309403325849,2025.0,2026-06-30,1.5473899086469498,
SANB11,True,,27.790000915527344,43.95923295083371,58.183632611080604,39.618923613813166,"graham,bazin",49.46428256833409,38.45418333333333,122.97527277340099,,,,2026-06-30,,
CURY3,True,,27.299999237060547,42.28920899284133,54.90553177537271,186.70640492043665,"graham,bazin,fcd",20.768852881177622,71.7397,381.3132346648878,34.35907409734638,3.494563922435834,2025.0,2026-06-30,1.312457565017261,
BBDC3,True,,16.232749938964844,24.270714573954255,49.516962099534375,64.55013796577975,"graham,bazin",29.509845814575172,19.031583333333337,136.03186440354906,,,,2026-06-30,,
ALOS3,True,,29.649999618530273,42.196379808900815,42.31494216455054,76.6585581353708,"graham,bazin,fcd",32.57332113862509,55.30258333333334,639.3189779081104,38.71323495474401,,2025.0,2026-06-30,1.2035298812231203,
KLBN11,True,,18.020000457763672,25.54513409717349,41.75989704910201,220.52805102497425,"graham,bazin,fcd",8.772114910328067,19.352016666666668,88.27266645380044,48.511270714525736,29.423721171362445,2025.0,2026-06-30,0.579328589310332,
DIRR3,True,,10.029999732971191,13.698881428776142,36.579080692738124,233.43007645750808,"graham,bazin,fcd",12.843013665024264,25.833333333333336,399.08031298195385,2.4202972879708304,23.21100940457755,2025.0,2026-06-30,1.5007053400669152,
BBDC4,True,,18.51102638244629,25.22273124062092,36.257875276647184,46.319577157749116,"graham,bazin",29.509845814575172,20.935616666666668,136.0316867280692,,,,2026-06-30,,
VBBR3,True,,37.79999923706055,51.290814327230585,35.689987731383695,118.48024830936244,"graham,bazin,fcd",43.17254335801864,32.95718333333334,134.89047738911142,77.74271629033979,62.13621362136214,2025.0,2026-06-30,1.0190324227377676,
TAEE11,True,,41.84000015258789,54.850996385241025,31.097027211287852,35.08686693079673,"graham,bazin,fcd",49.88252198916971,50.107600000000005,85.10951021045979,64.56286716655337,39.92138067035385,2025.0,2026-06-30,0.9118420427107577,
FLRY3,True,,23.799999237060547,30.654571145871817,28.80072322917374,152.9321842062528,"graham,bazin,fcd",16.951327381653627,21.663200000000003,143.9200119583451,53.34918605596182,24.188679687408467,2025.0,2026-06-30,0.9882599499615669,
BBSE3,True,,39.31999969482422,50.46801113913263,28.352013048911207,132.41873039804508,"graham,bazin",24.434488944931918,76.50153333333334,173.06747082985507,,,,2026-06-30,,
ITSA4,True,,14.4399995803833,18.126485799298756,25.52968369835368,9.282514591552177,"graham,bazin",17.45628826526418,18.796683333333334,216.40497128482426,,,,2026-06-30,,
PETR4,True,,49.900001525878906,60.32359580332932,20.888965849118417,133.36994031472204,"graham,bazin,fcd",93.22496983104902,61.07245,49.89381548198458,26.67336757893893,42.985429260281634,2025.0,2026-06-30,0.38659409805626505,
BRAP4,True,,20.329999923706055,24.360400375128254,19.824891620990613,155.88670075263104,"graham,bazin,fcd",26.202900602795868,39.28503333333334,72.04821427807269,7.5932671892555605,-0.0,2025.0,2026-06-30,0.9566693162004117,
BBAS3,True,,23.079999923706055,26.677650493040666,15.587740819874844,136.58406018321793,"graham,bazin",42.43945098608133,10.915849999999999,34.58751957245571,,,,2026-06-30,,
RENT3,True,,40.2400016784668,46.38066143637144,15.260088225072387,68.31271976562354,"graham,bazin,fcd",40.67614472882109,35.4884,141.71089647131012,62.97743958029323,20.349437993904264,2025.0,2026-06-30,1.7129752510480356,
TIMS3,True,,18.18000030517578,20.75818165899172,14.181415349492266,190.64099481845474,"graham,bazin,fcd",1.5385057685949701,24.539,129.10212320443054,36.19703920838019,26.492579762797348,2025.0,2026-06-30,0.7714917054177195,
MBRF3,True,,16.780000686645508,18.966612247566022,13.031057636730289,143.25971453608076,"graham,fcd",6.947121706145647,,,30.986102788986397,72.13141165333909,2025.0,2026-06-30,0.9669576827275967,
PSSA3,True,,47.65999984741211,53.2735844682554,11.778398318958667,13.773329747224583,"graham,bazin",56.5557689365108,49.9914,218.90656336391737,,,,2026-06-30,,
PETR3,True,,55.04999923706055,60.144434770049315,9.254197281730592,121.86936654266958,"graham,bazin,fcd",93.22496983104902,61.07245,49.89381548198458,26.13588447909891,42.985429260281634,2025.0,2026-06-30,0.4117111483617726,
ITUB4,True,,44.13999938964844,46.99720993998476,6.473064317727159,21.130373619543967,"graham,bazin",42.33373654663618,51.660683333333324,279.46723768736604,,,,2026-06-30,,
IGTI11,True,,27.31999969482422,28.371817002088534,3.849990186726035,,graham,28.371817002088534,,,,,,2026-06-30,,
MOTV3,True,,17.020000457763672,17.49921154976081,2.8155762579814994,23.22340184026624,"graham,bazin",19.475523099521613,15.522900000000002,285.958944065434,,,,2026-06-30,,
VIVT3,True,,29.610000610351562,30.370809049897627,2.569430678363742,82.4411931190846,"graham,bazin,fcd",30.62976493543494,42.446749999999994,164.87258781739754,18.035912214257934,48.353162235303444,2025.0,2026-06-30,0.794400108288239,
CMIN3,True,,4.929999828338623,5.021759237140181,1.8612456794441703,57.10848459268797,"graham,bazin",3.6140351409470277,6.429483333333334,55.30302270071894,,,,2026-06-30,,
TEND3,True,,27.459999084472656,26.398746939607364,-3.8647202485355545,73.73245314789926,"graham,fcd",36.522212419293545,,,16.275281459921178,72.171148487364,2025.0,2026-06-30,1.5338279152332104,
HYPE3,True,,24.649999618530273,21.70527395930462,-11.946148903840143,83.18347497213254,"graham,bazin,fcd",33.821590737279045,17.977366666666665,88.4928497181482,13.316864473968149,26.78273373805707,2025.0,2026-06-30,1.0304112748669907,
CXSE3,True,,19.90999984741211,17.518433294137722,-12.011886346574943,50.3971211549864,"graham,bazin",12.50139992160878,22.535466666666668,133.82516684498438,,,,2026-06-30,,
AXIA3,True,,55.150001525878906,47.05262769052354,-14.682454417622642,59.60299677887579,"graham,bazin,fcd",64.36332029968622,31.49226666666667,149.16125528310496,45.30229610521774,38.410507801298,2025.0,2026-06-30,1.3819068420526013,
ABEV3,True,,15.369999885559082,12.385473117590182,-19.417871113798892,17.315102555518624,"graham,bazin,fcd",11.604417262404864,14.106666666666667,115.91344837030952,11.445335423699017,20.24581883162661,2025.0,2026-06-30,0.6701717561477398,
UGPA3,True,,38.189998626708984,30.304124297043188,-20.649056332122104,24.670808252158512,"graham,bazin,fcd",33.500410445246786,33.333333333333336,343.12968586477257,24.078629112549443,52.19093913216355,2025.0,2026-06-30,0.9443924309818638,
RDOR3,True,,38.36000061035156,29.374017272068283,-23.425399362111545,191.05545059595303,"graham,bazin,fcd",21.15345716425568,70.12873333333334,649.6278444310984,-3.1601386813841734,503.59977487476016,2025.0,2026-06-30,1.2036384250889587,
BRAV3,True,,18.25,13.954026708249895,-23.53957968082249,60.32750399976765,"graham,fcd",8.449141968271098,,,19.458911448228694,111.52787350671412,2025.0,2026-06-30,0.5540117776897691,
VIVA3,True,,23.780000686645508,18.068730423885235,-24.017115634347466,66.4353348824174,"graham,bazin,fcd",27.4259730912141,11.627650000000001,191.56351594763203,15.152568180441605,16.72984511194515,2025.0,2026-06-30,1.130688831750039,
PRIO3,True,,61.459999084472656,44.70587722865501,-27.26020518287061,39.277271853547504,"graham,fcd",56.77578268945308,,,32.63597176785695,210.36413538028006,2025.0,2026-06-30,0.16528574708404709,
VAMO3,True,,4.46999979019165,3.1547711949237653,-29.423459888160192,36.66761670647099,"graham,bazin",3.9742923898475313,2.33525,54.33277881830132,,,,2026-06-30,,
SBSP3,True,,27.579999923706055,18.610949756287773,-32.52012397472504,51.008337750151625,"graham,bazin",25.644999512575545,11.5769,280.70429251497245,,,,2026-06-30,,
CSMG3,True,,56.779998779296875,37.71072392832683,-33.584493238705534,15.816217065379881,"graham,bazin",42.20094785665365,33.22050000000001,87.26991400548954,,,,2026-06-30,,
VALE3,True,,70.37999725341797,46.5177492764798,-33.90487199227521,136.1533552353998,"graham,bazin,fcd",48.29487550455017,93.54155,74.01096827434294,-2.2831776751107893,78.87419255613656,2025.0,2026-06-30,0.8715308815121293,
TOTS3,True,,34.5,22.338044389276167,-35.25204524847488,62.35752838630349,"graham,bazin,fcd",22.83411920788713,11.333333333333334,151.11111111111111,32.84668062660804,78.0706675543122,2025.0,2026-06-30,0.8772169049222629,
USIM5,True,,7.130000114440918,4.576435796061906,-35.81436574183342,,fcd,,,,4.576435796061906,91.17352866143843,2025.0,2026-06-30,0.9230315839216056,
GOAU4,True,,11.239999771118164,6.961341317766532,-38.06635712169581,120.21129553126664,"graham,bazin,fcd",14.01035331460274,6.375066666666667,40.79942572075566,0.49860397203019013,94.82329234117968,2025.0,2026-06-30,0.9434738459301283,
EGIE3,True,,29.329999923706055,17.28777549322971,-41.05770358609235,62.77881585361944,"graham,bazin,fcd",25.841826560829634,18.592700000000004,58.98655572558157,7.4287999188594895,109.99808399972382,2025.0,2026-06-30,0.944151894529526,
EQTL3,True,,41.0,22.610238111538386,-44.853077776735645,18.42916368355257,"graham,bazin",18.83225955641011,26.388216666666665,249.37203895972982,,,,2026-06-30,,
BPAC11,True,,63.720001220703125,35.03635642436084,-45.015135352858,35.681804373016504,"graham,bazin",46.40457951538835,23.668133333333333,182.05416160279785,,,,2026-06-30,,
B3SA3,True,,18.43000030517578,9.934916817589656,-46.093778333798575,52.57306696646313,"graham,bazin,fcd",9.40656685512839,15.043700000000001,224.74528160948162,5.354483597640577,7.496667530852584,2025.0,2026-06-30,1.6030408732395602,
GGBR4,True,,24.969999313354492,12.852494935161937,-48.52825274893721,108.44374110545247,"graham,bazin,fcd",26.234609774113277,13.166666666666668,59.232378367435686,-0.8437916352941286,94.8195257212123,2025.0,2026-06-30,0.8962412859649995,
MULT3,True,,31.90999984741211,16.315404995251125,-48.87055758925584,84.48110165197718,"graham,bazin,fcd",28.274900530329017,19.354333333333333,161.99325667462267,1.316981122091028,3.6239759494561508,2025.0,2026-06-30,1.2554224312982838,
CPFE3,True,,46.560001373291016,20.991770984909376,-54.91458254777623,116.35794872113772,"graham,fcd",48.07990224615686,,,-6.096360276338113,61.42252809900937,2025.0,2026-06-30,0.9644657550999339,
ENEV3,True,,28.1299991607666,10.852994978345839,-61.41843120463828,,graham,10.852994978345839,,,,,,2026-06-30,,
RADL3,True,,18.75,6.905628846443727,-63.16997948563346,19.1529388636081,"graham,bazin,fcd",8.489522954795516,7.329016666666668,147.25426702876837,4.898346917868998,57.83377642395833,2025.0,2026-06-30,1.218218824781089,
WEGE3,True,,49.63999938964844,17.539376095028988,-64.66684868919133,53.23467653042137,"graham,bazin,fcd",12.26895472320279,33.387433333333334,325.83702016916067,6.961740228550847,45.1216107559828,2025.0,2026-06-30,0.7392546505397035,
EMBJ3,True,,96.80999755859375,31.304239929207817,-67.66424881866038,20.851801675272615,"graham,fcd",41.39755427558493,,,21.2109255828307,57.59296594482481,2025.0,2026-06-30,0.7453453770946727,
SMFT3,True,,17.149999618530273,5.366091438383824,-68.71083639800285,120.42419984441916,"graham,fcd",15.692466345351836,,,-4.960283468584188,132.41890781199228,2025.0,2026-06-30,1.2492216411526258,
CPLE3,True,,16.06999969482422,4.350282637562298,-72.92916788938444,117.91610844567306,"graham,fcd",13.824841771246426,,,-5.124276496121829,58.09461354107024,2025.0,2026-06-30,1.095599373454352,
RAIL3,True,,16.530000686645508,3.265351427109309,-80.24590870254853,90.54175537133929,"graham,fcd",10.74862781940095,,,-4.217924965182331,77.73462501317942,2025.0,2026-06-30,1.0781394357738,
ENGI11,True,,53.369998931884766,2.349112157937926,-95.59844068774284,214.19031188735266,"graham,bazin,fcd",51.20190182014726,18.956900000000005,62.557763744223635,-63.11146534633349,102.1818332285408,2025.0,2026-06-30,1.3160695354106944,
HAPV3,True,,6.940000057220459,-0.6344724099233756,-109.1422536699155,,fcd,,,,-0.6344724099233756,,2025.0,2026-06-30,1.6485413401395401,"Valor justo zero ou negativo — o FCD saiu negativo, o que acontece quando a dívida líquida supera o valor do fluxo de caixa projetado. Não quer dizer que a ação valha menos que zero, mas indica que, pelas premissas do modelo, a geração de caixa não sustenta o preço atual. Confira o endividamento em 'Saúde financeira'."
AURE3,True,,13.140000343322754,-1.7363743093289512,-113.21441601187865,,fcd,,,,-1.7363743093289512,96.31702149778283,2025.0,2026-06-30,1.145849524201189,"Valor justo zero ou negativo — o FCD saiu negativo, o que acontece quando a dívida líquida supera o valor do fluxo de caixa projetado. Não quer dizer que a ação valha menos que zero, mas indica que, pelas premissas do modelo, a geração de caixa não sustenta o preço atual. Confira o endividamento em 'Saúde financeira'."
MRVE3,True,,5.440000057220459,-14.129515363213761,-359.73373556237,,fcd,,,,-14.129515363213761,,2025.0,2026-06-30,1.5714934573195385,"Valor justo zero ou negativo — o FCD saiu negativo, o que acontece quando a dívida líquida supera o valor do fluxo de caixa projetado. Não quer dizer que a ação valha menos que zero, mas indica que, pelas premissas do modelo, a geração de caixa não sustenta o preço atual. Confira o endividamento em 'Saúde financeira'."
CSNA3,True,"Nenhum dos três métodos (Graham, Bazin, FCD) é aplicável a essa ação.",6.0,,,,,,,,,,,2026-06-30,,
NATU3,True,"Nenhum dos três métodos (Graham, Bazin, FCD) é aplicável a essa ação.",6.820000171661377,,,,,,,,,,,2026-06-30,,
